threads,memory,Type,Time,Language,speedup
1,4332,real,0.21,cpp,1
1,4248,real,0.21,cpp,1
1,4300,real,0.21,cpp,1
1,4196,real,0.21,cpp,1
1,4328,real,0.21,cpp,1
1,4416,real,0.21,cpp,1
1,4328,real,0.21,cpp,1
1,4148,real,0.21,cpp,1
1,4280,real,0.21,cpp,1
2,4228,real,0.16,cpp,1.3125
2,4348,real,0.15,cpp,1.4
2,4260,real,0.15,cpp,1.4
2,4432,real,0.14,cpp,1.5
2,4320,real,0.14,cpp,1.5
2,4232,real,0.15,cpp,1.4
2,4352,real,0.11,cpp,1.90909090909091
2,4432,real,0.13,cpp,1.61538461538462
2,4376,real,0.15,cpp,1.4
4,4380,real,0.07,cpp,3
4,4376,real,0.05,cpp,4.2
4,4284,real,0.07,cpp,3
4,4380,real,0.07,cpp,3
4,4428,real,0.05,cpp,4.2
4,4356,real,0.06,cpp,3.5
4,4388,real,0.08,cpp,2.625
4,4320,real,0.06,cpp,3.5
4,4348,real,0.08,cpp,2.625
5,4360,real,0.04,cpp,5.25
5,4392,real,0.04,cpp,5.25
5,4472,real,0.04,cpp,5.25
5,4388,real,0.04,cpp,5.25
5,4412,real,0.03,cpp,7
5,4308,real,0.03,cpp,7
5,4240,real,0.04,cpp,5.25
5,4336,real,0.03,cpp,7
5,4308,real,0.05,cpp,4.2
8,4452,real,0.04,cpp,5.25
8,4468,real,0.03,cpp,7
8,4388,real,0.03,cpp,7
8,4420,real,0.02,cpp,10.5
8,4488,real,0.02,cpp,10.5
8,4452,real,0.02,cpp,10.5
8,4384,real,0.02,cpp,10.5
8,4380,real,0.02,cpp,10.5
8,4416,real,0.04,cpp,5.25
10,4472,real,0.03,cpp,7
10,4540,real,0.02,cpp,10.5
10,4444,real,0.02,cpp,10.5
10,4472,real,0.02,cpp,10.5
10,4352,real,0.01,cpp,21
10,4404,real,0.02,cpp,10.5
10,4324,real,0.02,cpp,10.5
10,4464,real,0.02,cpp,10.5
10,4520,real,0.03,cpp,7
16,4468,real,0.02,cpp,10.5
16,4464,real,0.03,cpp,7
16,4500,real,0.01,cpp,21
16,4492,real,0.02,cpp,10.5
16,4464,real,0.04,cpp,5.25
16,4484,real,0.02,cpp,10.5
16,4556,real,0.02,cpp,10.5
16,4496,real,0.02,cpp,10.5
16,4512,real,0.02,cpp,10.5
20,4496,real,0.02,cpp,10.5
20,4564,real,0.02,cpp,10.5
20,4584,real,0.03,cpp,7
20,4660,real,0.02,cpp,10.5
20,4532,real,0.02,cpp,10.5
20,4452,real,0.02,cpp,10.5
20,4592,real,0.02,cpp,10.5
20,4524,real,0.02,cpp,10.5
20,4588,real,0.03,cpp,7
25,4572,real,0.02,cpp,10.5
25,4608,real,0.01,cpp,21
25,4628,real,0.03,cpp,7
25,4564,real,0.02,cpp,10.5
25,4652,real,0.02,cpp,10.5
25,4508,real,0.02,cpp,10.5
25,4612,real,0.02,cpp,10.5
25,4680,real,0.02,cpp,10.5
25,4548,real,0.02,cpp,10.5
32,4588,real,0.02,cpp,10.5
32,4660,real,0.02,cpp,10.5
32,4748,real,0.02,cpp,10.5
32,4784,real,0.02,cpp,10.5
32,4672,real,0.02,cpp,10.5
32,4788,real,0.01,cpp,21
32,4788,real,0.02,cpp,10.5
32,4740,real,0.02,cpp,10.5
32,4708,real,0.02,cpp,10.5
40,4884,real,0.02,cpp,10.5
40,4828,real,0.02,cpp,10.5
40,4936,real,0.02,cpp,10.5
40,4732,real,0.02,cpp,10.5
40,4728,real,0.02,cpp,10.5
40,4884,real,0.02,cpp,10.5
40,4744,real,0.02,cpp,10.5
40,4788,real,0.02,cpp,10.5
40,4768,real,0.02,cpp,10.5
50,4988,real,0.02,cpp,10.5
50,4992,real,0.03,cpp,7
50,4916,real,0.02,cpp,10.5
50,4972,real,0.02,cpp,10.5
50,4960,real,0.02,cpp,10.5
50,5028,real,0.02,cpp,10.5
50,4852,real,0.02,cpp,10.5
50,4928,real,0.02,cpp,10.5
50,4908,real,0.02,cpp,10.5
80,5196,real,0.02,cpp,10.5
80,5140,real,0.03,cpp,7
80,5244,real,0.02,cpp,10.5
80,5528,real,0.03,cpp,7
80,5076,real,0.02,cpp,10.5
80,5392,real,0.01,cpp,21
80,5144,real,0.02,cpp,10.5
80,5320,real,0.02,cpp,10.5
80,5228,real,0.02,cpp,10.5
100,5584,real,0.02,cpp,10.5
100,5560,real,0.03,cpp,7
100,5268,real,0.03,cpp,7
100,5544,real,0.02,cpp,10.5
100,5280,real,0.03,cpp,7
100,5460,real,0.02,cpp,10.5
100,5440,real,0.03,cpp,7
100,5512,real,0.02,cpp,10.5
100,5412,real,0.02,cpp,10.5
125,5956,real,0.02,cpp,10.5
125,5768,real,0.03,cpp,7
125,6028,real,0.03,cpp,7
125,5944,real,0.04,cpp,5.25
125,5816,real,0.02,cpp,10.5
125,5680,real,0.03,cpp,7
125,5996,real,0.03,cpp,7
125,5964,real,0.03,cpp,7
125,6028,real,0.02,cpp,10.5
200,7068,real,0.03,cpp,7
200,7072,real,0.03,cpp,7
200,7116,real,0.03,cpp,7
200,7064,real,0.03,cpp,7
200,7072,real,0.03,cpp,7
200,6784,real,0.03,cpp,7
200,6888,real,0.03,cpp,7
200,6996,real,0.03,cpp,7
200,6956,real,0.03,cpp,7
250,7724,real,0.04,cpp,5.25
250,7504,real,0.04,cpp,5.25
250,7624,real,0.04,cpp,5.25
250,7752,real,0.03,cpp,7
250,7720,real,0.03,cpp,7
250,7612,real,0.03,cpp,7
250,7660,real,0.04,cpp,5.25
250,7676,real,0.04,cpp,5.25
250,7708,real,0.03,cpp,7
400,9588,real,0.04,cpp,5.25
400,9612,real,0.03,cpp,7
400,9608,real,0.03,cpp,7
400,9568,real,0.03,cpp,7
400,9644,real,0.03,cpp,7
400,9568,real,0.03,cpp,7
400,9672,real,0.03,cpp,7
400,9780,real,0.03,cpp,7
400,9564,real,0.03,cpp,7
500,11016,real,0.03,cpp,7
500,11020,real,0.02,cpp,10.5
500,11012,real,0.03,cpp,7
500,10968,real,0.03,cpp,7
500,10996,real,0.03,cpp,7
500,11000,real,0.03,cpp,7
500,10904,real,0.03,cpp,7
500,10856,real,0.02,cpp,10.5
500,10908,real,0.03,cpp,7
1,2208,real,0.07,c,0.888888888888889
1,2164,real,0.07,c,0.888888888888889
1,2168,real,0.05,c,1.24444444444444
1,2144,real,0.07,c,0.888888888888889
1,2204,real,0.06,c,1.03703703703704
1,2128,real,0.07,c,0.888888888888889
1,2220,real,0.05,c,1.24444444444444
1,2176,real,0.05,c,1.24444444444444
1,2128,real,0.07,c,0.888888888888889
1,2208,real,0.05,c,1.24444444444444
2,2152,real,0.06,c,1.03703703703704
2,2152,real,0.05,c,1.24444444444444
2,2216,real,0.05,c,1.24444444444444
2,2168,real,0.05,c,1.24444444444444
2,2212,real,0.05,c,1.24444444444444
2,2088,real,0.04,c,1.55555555555556
2,2148,real,0.04,c,1.55555555555556
2,2196,real,0.05,c,1.24444444444444
2,2224,real,0.05,c,1.24444444444444
2,2132,real,0.05,c,1.24444444444444
4,2148,real,0.05,c,1.24444444444444
4,2204,real,0.04,c,1.55555555555556
4,2232,real,0.04,c,1.55555555555556
4,2184,real,0.03,c,2.07407407407407
4,2212,real,0.04,c,1.55555555555556
4,2228,real,0.02,c,3.11111111111111
4,2164,real,0.03,c,2.07407407407407
4,2192,real,0.03,c,2.07407407407407
4,2152,real,0.03,c,2.07407407407407
4,2152,real,0.03,c,2.07407407407407
5,2204,real,0.03,c,2.07407407407407
5,2184,real,0.03,c,2.07407407407407
5,2228,real,0.02,c,3.11111111111111
5,2160,real,0.03,c,2.07407407407407
5,2188,real,0.03,c,2.07407407407407
5,2240,real,0.03,c,2.07407407407407
5,2184,real,0.03,c,2.07407407407407
5,2236,real,0.04,c,1.55555555555556
5,2184,real,0.03,c,2.07407407407407
5,2232,real,0.01,c,6.22222222222222
8,2216,real,0.03,c,2.07407407407407
8,2240,real,0.03,c,2.07407407407407
8,2168,real,0.03,c,2.07407407407407
8,2156,real,0.03,c,2.07407407407407
8,2160,real,0.03,c,2.07407407407407
8,2156,real,0.03,c,2.07407407407407
8,2104,real,0.03,c,2.07407407407407
8,2240,real,0.03,c,2.07407407407407
8,2240,real,0.03,c,2.07407407407407
8,2168,real,0.04,c,1.55555555555556
10,2204,real,0.03,c,2.07407407407407
10,2156,real,0.03,c,2.07407407407407
10,2180,real,0.03,c,2.07407407407407
10,2188,real,0.03,c,2.07407407407407
10,2204,real,0.03,c,2.07407407407407
10,2152,real,0.03,c,2.07407407407407
10,2232,real,0.03,c,2.07407407407407
10,2168,real,0.03,c,2.07407407407407
10,2192,real,0.02,c,3.11111111111111
10,2240,real,0.03,c,2.07407407407407
16,2108,real,0.02,c,3.11111111111111
16,2156,real,0.02,c,3.11111111111111
16,2244,real,0.02,c,3.11111111111111
16,2192,real,0.02,c,3.11111111111111
16,2240,real,0.02,c,3.11111111111111
16,2172,real,0.02,c,3.11111111111111
16,2192,real,0.02,c,3.11111111111111
16,2236,real,0.02,c,3.11111111111111
16,2152,real,0.02,c,3.11111111111111
16,2232,real,0.02,c,3.11111111111111
20,2208,real,0.02,c,3.11111111111111
20,2184,real,0.02,c,3.11111111111111
20,2188,real,0.02,c,3.11111111111111
20,2192,real,0.02,c,3.11111111111111
20,2164,real,0.02,c,3.11111111111111
20,2216,real,0.02,c,3.11111111111111
20,2156,real,0.02,c,3.11111111111111
20,2204,real,0.02,c,3.11111111111111
20,2164,real,0.02,c,3.11111111111111
20,2244,real,0.02,c,3.11111111111111
25,2196,real,0.02,c,3.11111111111111
25,2108,real,0.02,c,3.11111111111111
25,2164,real,0.02,c,3.11111111111111
25,2236,real,0.02,c,3.11111111111111
25,2244,real,0.02,c,3.11111111111111
25,2164,real,0.02,c,3.11111111111111
25,2236,real,0.02,c,3.11111111111111
25,2192,real,0.02,c,3.11111111111111
25,2172,real,0.02,c,3.11111111111111
25,2244,real,0.02,c,3.11111111111111
32,2196,real,0.02,c,3.11111111111111
32,2264,real,0.02,c,3.11111111111111
32,2260,real,0.02,c,3.11111111111111
32,2280,real,0.02,c,3.11111111111111
32,2212,real,0.02,c,3.11111111111111
32,2220,real,0.02,c,3.11111111111111
32,2280,real,0.02,c,3.11111111111111
32,2208,real,0.02,c,3.11111111111111
32,2276,real,0.02,c,3.11111111111111
32,2208,real,0.02,c,3.11111111111111
40,2208,real,0.02,c,3.11111111111111
40,2340,real,0.01,c,6.22222222222222
40,2328,real,0.01,c,6.22222222222222
40,2236,real,0.01,c,6.22222222222222
40,2336,real,0.02,c,3.11111111111111
40,2244,real,0.01,c,6.22222222222222
40,2264,real,0.02,c,3.11111111111111
40,2316,real,0.01,c,6.22222222222222
40,2244,real,0.02,c,3.11111111111111
40,2272,real,0.02,c,3.11111111111111
50,2344,real,0.01,c,6.22222222222222
50,2288,real,0.01,c,6.22222222222222
50,2292,real,0.01,c,6.22222222222222
50,2372,real,0.01,c,6.22222222222222
50,2420,real,0.01,c,6.22222222222222
50,2328,real,0.01,c,6.22222222222222
50,2372,real,0.02,c,3.11111111111111
50,2324,real,0.01,c,6.22222222222222
50,2428,real,0.01,c,6.22222222222222
50,2400,real,0.01,c,6.22222222222222
80,2656,real,0.01,c,6.22222222222222
80,2676,real,0.01,c,6.22222222222222
80,2676,real,0.01,c,6.22222222222222
80,2648,real,0.01,c,6.22222222222222
80,2672,real,0.01,c,6.22222222222222
80,2620,real,0.01,c,6.22222222222222
80,2652,real,0.01,c,6.22222222222222
80,2676,real,0.01,c,6.22222222222222
80,2604,real,0.01,c,6.22222222222222
80,2540,real,0.01,c,6.22222222222222
100,2772,real,0.01,c,6.22222222222222
100,2840,real,0.01,c,6.22222222222222
100,2848,real,0.01,c,6.22222222222222
100,2820,real,0.01,c,6.22222222222222
100,2784,real,0.01,c,6.22222222222222
100,2752,real,0.01,c,6.22222222222222
100,2760,real,0.01,c,6.22222222222222
100,2764,real,0.01,c,6.22222222222222
100,2844,real,0.01,c,6.22222222222222
100,2816,real,0.01,c,6.22222222222222
125,2976,real,0.01,c,6.22222222222222
125,2992,real,0.01,c,6.22222222222222
125,2912,real,0.01,c,6.22222222222222
125,2992,real,0.01,c,6.22222222222222
125,3032,real,0.01,c,6.22222222222222
125,3048,real,0.01,c,6.22222222222222
125,2948,real,0.01,c,6.22222222222222
125,2956,real,0.01,c,6.22222222222222
125,2956,real,0.01,c,6.22222222222222
125,2912,real,0.01,c,6.22222222222222
200,3660,real,0.01,c,6.22222222222222
200,3580,real,0.01,c,6.22222222222222
200,3572,real,0.01,c,6.22222222222222
200,3668,real,0.01,c,6.22222222222222
200,3568,real,0.01,c,6.22222222222222
200,3676,real,0.01,c,6.22222222222222
200,3672,real,0.01,c,6.22222222222222
200,3592,real,0.01,c,6.22222222222222
200,3600,real,0.01,c,6.22222222222222
200,3668,real,0.01,c,6.22222222222222
250,4028,real,0.01,c,6.22222222222222
250,4060,real,0.01,c,6.22222222222222
250,3984,real,0.01,c,6.22222222222222
250,4068,real,0.01,c,6.22222222222222
250,4012,real,0.01,c,6.22222222222222
250,4060,real,0.01,c,6.22222222222222
250,4056,real,0.01,c,6.22222222222222
250,4072,real,0.01,c,6.22222222222222
250,3984,real,0.01,c,6.22222222222222
250,4072,real,0.01,c,6.22222222222222
400,5260,real,0.01,c,6.22222222222222
400,5244,real,0.01,c,6.22222222222222
400,5316,real,0.01,c,6.22222222222222
400,5300,real,0.01,c,6.22222222222222
400,5308,real,0.01,c,6.22222222222222
400,5244,real,0.01,c,6.22222222222222
400,5336,real,0.01,c,6.22222222222222
400,5328,real,0.01,c,6.22222222222222
400,5224,real,0.01,c,6.22222222222222
400,5244,real,0.01,c,6.22222222222222
500,6164,real,0.01,c,6.22222222222222
500,6140,real,0.01,c,6.22222222222222
500,6084,real,0.01,c,6.22222222222222
500,6072,real,0.01,c,6.22222222222222
500,6144,real,0.01,c,6.22222222222222
500,6076,real,0.01,c,6.22222222222222
500,6164,real,0.01,c,6.22222222222222
500,6140,real,0.01,c,6.22222222222222
500,6060,real,0.01,c,6.22222222222222
500,6156,real,0.01,c,6.22222222222222
1,2308,real,0.08,c_openmp,0.861111111111111
1,2272,real,0.05,c_openmp,1.37777777777778
1,2300,real,0.05,c_openmp,1.37777777777778
1,2280,real,0.08,c_openmp,0.861111111111111
1,2260,real,0.07,c_openmp,0.984126984126984
1,2308,real,0.07,c_openmp,0.984126984126984
1,2320,real,0.06,c_openmp,1.14814814814815
1,2320,real,0.08,c_openmp,0.861111111111111
1,2240,real,0.08,c_openmp,0.861111111111111
2,2248,real,0.05,c_openmp,1.37777777777778
2,2284,real,0.06,c_openmp,1.14814814814815
2,2324,real,0.04,c_openmp,1.72222222222222
2,2288,real,0.04,c_openmp,1.72222222222222
2,2252,real,0.06,c_openmp,1.14814814814815
2,2300,real,0.04,c_openmp,1.72222222222222
2,2320,real,0.04,c_openmp,1.72222222222222
2,2276,real,0.04,c_openmp,1.72222222222222
2,2252,real,0.08,c_openmp,0.861111111111111
4,2276,real,0.06,c_openmp,1.14814814814815
4,2268,real,0.04,c_openmp,1.72222222222222
4,2336,real,0.05,c_openmp,1.37777777777778
4,2336,real,0.03,c_openmp,2.2962962962963
4,2344,real,0.03,c_openmp,2.2962962962963
4,2340,real,0.05,c_openmp,1.37777777777778
4,2296,real,0.02,c_openmp,3.44444444444444
4,2372,real,0.04,c_openmp,1.72222222222222
4,2300,real,0.03,c_openmp,2.2962962962963
5,2320,real,0.04,c_openmp,1.72222222222222
5,2384,real,0.03,c_openmp,2.2962962962963
5,2352,real,0.03,c_openmp,2.2962962962963
5,2288,real,0.05,c_openmp,1.37777777777778
5,2348,real,0.04,c_openmp,1.72222222222222
5,2344,real,0.03,c_openmp,2.2962962962963
5,2324,real,0.03,c_openmp,2.2962962962963
5,2268,real,0.04,c_openmp,1.72222222222222
5,2304,real,0.04,c_openmp,1.72222222222222
8,2288,real,0.03,c_openmp,2.2962962962963
8,2320,real,0.04,c_openmp,1.72222222222222
8,2296,real,0.03,c_openmp,2.2962962962963
8,2372,real,0.03,c_openmp,2.2962962962963
8,2316,real,0.02,c_openmp,3.44444444444444
8,2316,real,0.03,c_openmp,2.2962962962963
8,2340,real,0.03,c_openmp,2.2962962962963
8,2384,real,0.03,c_openmp,2.2962962962963
8,2288,real,0.04,c_openmp,1.72222222222222
10,2424,real,0.03,c_openmp,2.2962962962963
10,2380,real,0.04,c_openmp,1.72222222222222
10,2392,real,0.04,c_openmp,1.72222222222222
10,2380,real,0.04,c_openmp,1.72222222222222
10,2396,real,0.04,c_openmp,1.72222222222222
10,2428,real,0.04,c_openmp,1.72222222222222
10,2320,real,0.04,c_openmp,1.72222222222222
10,2388,real,0.04,c_openmp,1.72222222222222
10,2368,real,0.03,c_openmp,2.2962962962963
16,2444,real,0.03,c_openmp,2.2962962962963
16,2476,real,0.03,c_openmp,2.2962962962963
16,2436,real,0.03,c_openmp,2.2962962962963
16,2404,real,0.03,c_openmp,2.2962962962963
16,2432,real,0.03,c_openmp,2.2962962962963
16,2444,real,0.03,c_openmp,2.2962962962963
16,2404,real,0.03,c_openmp,2.2962962962963
16,2400,real,0.03,c_openmp,2.2962962962963
16,2400,real,0.03,c_openmp,2.2962962962963
20,2436,real,0.03,c_openmp,2.2962962962963
20,2436,real,0.03,c_openmp,2.2962962962963
20,2416,real,0.03,c_openmp,2.2962962962963
20,2440,real,0.03,c_openmp,2.2962962962963
20,2472,real,0.03,c_openmp,2.2962962962963
20,2480,real,0.03,c_openmp,2.2962962962963
20,2452,real,0.03,c_openmp,2.2962962962963
20,2452,real,0.03,c_openmp,2.2962962962963
20,2432,real,0.03,c_openmp,2.2962962962963
25,2480,real,0.03,c_openmp,2.2962962962963
25,2504,real,0.03,c_openmp,2.2962962962963
25,2508,real,0.03,c_openmp,2.2962962962963
25,2516,real,0.03,c_openmp,2.2962962962963
25,2424,real,0.03,c_openmp,2.2962962962963
25,2428,real,0.03,c_openmp,2.2962962962963
25,2428,real,0.03,c_openmp,2.2962962962963
25,2516,real,0.03,c_openmp,2.2962962962963
25,2480,real,0.03,c_openmp,2.2962962962963
32,2580,real,0.03,c_openmp,2.2962962962963
32,2536,real,0.03,c_openmp,2.2962962962963
32,2572,real,0.03,c_openmp,2.2962962962963
32,2504,real,0.03,c_openmp,2.2962962962963
32,2552,real,0.03,c_openmp,2.2962962962963
32,2532,real,0.03,c_openmp,2.2962962962963
32,2500,real,0.03,c_openmp,2.2962962962963
32,2580,real,0.03,c_openmp,2.2962962962963
32,2540,real,0.02,c_openmp,3.44444444444444
40,2652,real,0.02,c_openmp,3.44444444444444
40,2572,real,0.02,c_openmp,3.44444444444444
40,2600,real,0.01,c_openmp,6.88888888888889
40,2584,real,0.03,c_openmp,2.2962962962963
40,2600,real,0.02,c_openmp,3.44444444444444
40,2588,real,0.02,c_openmp,3.44444444444444
40,2680,real,0.02,c_openmp,3.44444444444444
40,2584,real,0.02,c_openmp,3.44444444444444
40,2616,real,0.02,c_openmp,3.44444444444444
50,2704,real,0.02,c_openmp,3.44444444444444
50,2652,real,0.02,c_openmp,3.44444444444444
50,2684,real,0.02,c_openmp,3.44444444444444
50,2672,real,0.02,c_openmp,3.44444444444444
50,2672,real,0.02,c_openmp,3.44444444444444
50,2736,real,0.02,c_openmp,3.44444444444444
50,2716,real,0.02,c_openmp,3.44444444444444
50,2688,real,0.02,c_openmp,3.44444444444444
50,2656,real,0.02,c_openmp,3.44444444444444
80,2952,real,0.02,c_openmp,3.44444444444444
80,2988,real,0.02,c_openmp,3.44444444444444
80,2908,real,0.02,c_openmp,3.44444444444444
80,2924,real,0.02,c_openmp,3.44444444444444
80,3024,real,0.02,c_openmp,3.44444444444444
80,2976,real,0.01,c_openmp,6.88888888888889
80,2912,real,0.02,c_openmp,3.44444444444444
80,2984,real,0.01,c_openmp,6.88888888888889
80,2940,real,0.01,c_openmp,6.88888888888889
100,3148,real,0.01,c_openmp,6.88888888888889
100,3132,real,0.02,c_openmp,3.44444444444444
100,3120,real,0.02,c_openmp,3.44444444444444
100,3096,real,0.02,c_openmp,3.44444444444444
100,3120,real,0.02,c_openmp,3.44444444444444
100,3144,real,0.01,c_openmp,6.88888888888889
100,3116,real,0.01,c_openmp,6.88888888888889
100,3076,real,0.02,c_openmp,3.44444444444444
100,3156,real,0.02,c_openmp,3.44444444444444
125,3312,real,0.01,c_openmp,6.88888888888889
125,3356,real,0.01,c_openmp,6.88888888888889
125,3328,real,0.01,c_openmp,6.88888888888889
125,3404,real,0.01,c_openmp,6.88888888888889
125,3328,real,0.01,c_openmp,6.88888888888889
125,3296,real,0.01,c_openmp,6.88888888888889
125,3360,real,0.01,c_openmp,6.88888888888889
125,3324,real,0.01,c_openmp,6.88888888888889
125,3364,real,0.01,c_openmp,6.88888888888889
200,4000,real,0.01,c_openmp,6.88888888888889
200,4012,real,0.01,c_openmp,6.88888888888889
200,4008,real,0.01,c_openmp,6.88888888888889
200,3952,real,0.01,c_openmp,6.88888888888889
200,4008,real,0.01,c_openmp,6.88888888888889
200,3916,real,0.01,c_openmp,6.88888888888889
200,3932,real,0.01,c_openmp,6.88888888888889
200,4004,real,0.01,c_openmp,6.88888888888889
200,4008,real,0.01,c_openmp,6.88888888888889
250,4432,real,0.01,c_openmp,6.88888888888889
250,4432,real,0.02,c_openmp,3.44444444444444
250,4344,real,0.01,c_openmp,6.88888888888889
250,4424,real,0.01,c_openmp,6.88888888888889
250,4344,real,0.01,c_openmp,6.88888888888889
250,4344,real,0.01,c_openmp,6.88888888888889
250,4408,real,0.01,c_openmp,6.88888888888889
250,4396,real,0.01,c_openmp,6.88888888888889
250,4392,real,0.01,c_openmp,6.88888888888889
400,5620,real,0.01,c_openmp,6.88888888888889
400,5748,real,0.01,c_openmp,6.88888888888889
400,5700,real,0.01,c_openmp,6.88888888888889
400,5636,real,0.01,c_openmp,6.88888888888889
400,5652,real,0.01,c_openmp,6.88888888888889
400,5624,real,0.01,c_openmp,6.88888888888889
400,5640,real,0.02,c_openmp,3.44444444444444
400,5700,real,0.01,c_openmp,6.88888888888889
400,5696,real,0.03,c_openmp,2.2962962962963
500,6552,real,0.01,c_openmp,6.88888888888889
500,6500,real,0.02,c_openmp,3.44444444444444
500,6560,real,0.01,c_openmp,6.88888888888889
500,6520,real,0.01,c_openmp,6.88888888888889
500,6480,real,0.01,c_openmp,6.88888888888889
500,6564,real,0.01,c_openmp,6.88888888888889
500,6504,real,0.02,c_openmp,3.44444444444444
500,6536,real,0.02,c_openmp,3.44444444444444
500,6552,real,0.01,c_openmp,6.88888888888889
1,3016,real,0.17,go,1
1,3028,real,0.17,go,1
1,3024,real,0.17,go,1
1,3036,real,0.17,go,1
1,3012,real,0.17,go,1
1,3020,real,0.17,go,1
1,3028,real,0.17,go,1
1,3028,real,0.17,go,1
1,3024,real,0.17,go,1
2,3044,real,0.17,go,1
2,3032,real,0.16,go,1.0625
2,3028,real,0.17,go,1
2,3024,real,0.17,go,1
2,3032,real,0.17,go,1
2,3028,real,0.16,go,1.0625
2,3028,real,0.17,go,1
2,3028,real,0.11,go,1.54545454545455
2,3024,real,0.15,go,1.13333333333333
4,3136,real,0.15,go,1.13333333333333
4,3072,real,0.16,go,1.0625
4,3064,real,0.17,go,1
4,3076,real,0.17,go,1
4,3084,real,0.17,go,1
4,3064,real,0.16,go,1.0625
4,3068,real,0.12,go,1.41666666666667
4,3060,real,0.17,go,1
4,3152,real,0.16,go,1.0625
5,3096,real,0.17,go,1
5,3080,real,0.17,go,1
5,3084,real,0.17,go,1
5,3080,real,0.17,go,1
5,3080,real,0.17,go,1
5,3084,real,0.17,go,1
5,3084,real,0.17,go,1
5,3096,real,0.17,go,1
5,3080,real,0.17,go,1
8,3124,real,0.17,go,1
8,3120,real,0.17,go,1
8,3128,real,0.17,go,1
8,3116,real,0.17,go,1
8,3128,real,0.17,go,1
8,3112,real,0.17,go,1
8,3116,real,0.16,go,1.0625
8,3188,real,0.17,go,1
8,3128,real,0.11,go,1.54545454545455
10,3148,real,0.17,go,1
10,3148,real,0.17,go,1
10,3152,real,0.17,go,1
10,3204,real,0.17,go,1
10,3140,real,0.16,go,1.0625
10,3152,real,0.17,go,1
10,3140,real,0.15,go,1.13333333333333
10,3148,real,0.17,go,1
10,3144,real,0.17,go,1
16,3268,real,0.17,go,1
16,3332,real,0.17,go,1
16,3272,real,0.17,go,1
16,3268,real,0.17,go,1
16,3272,real,0.17,go,1
16,3264,real,0.17,go,1
16,3268,real,0.15,go,1.13333333333333
16,3276,real,0.17,go,1
16,3276,real,0.17,go,1
20,3320,real,0.17,go,1
20,3320,real,0.17,go,1
20,3320,real,0.17,go,1
20,3388,real,0.14,go,1.21428571428571
20,3324,real,0.17,go,1
20,3404,real,0.15,go,1.13333333333333
20,3316,real,0.15,go,1.13333333333333
20,3312,real,0.17,go,1
20,3392,real,0.17,go,1
25,3444,real,0.17,go,1
25,3388,real,0.16,go,1.0625
25,3440,real,0.16,go,1.0625
25,3364,real,0.17,go,1
25,3432,real,0.17,go,1
25,3368,real,0.16,go,1.0625
25,3372,real,0.17,go,1
25,3436,real,0.17,go,1
25,3364,real,0.17,go,1
32,3460,real,0.17,go,1
32,3388,real,0.16,go,1.0625
32,3392,real,0.17,go,1
32,3464,real,0.17,go,1
32,3396,real,0.11,go,1.54545454545455
32,3464,real,0.17,go,1
32,3396,real,0.16,go,1.0625
32,3388,real,0.17,go,1
32,3392,real,0.17,go,1
40,3508,real,0.14,go,1.21428571428571
40,3432,real,0.16,go,1.0625
40,3428,real,0.17,go,1
40,3436,real,0.16,go,1.0625
40,3516,real,0.16,go,1.0625
40,3492,real,0.17,go,1
40,3512,real,0.16,go,1.0625
40,3424,real,0.17,go,1
40,3448,real,0.17,go,1
50,3556,real,0.16,go,1.0625
50,3624,real,0.17,go,1
50,3628,real,0.17,go,1
50,3620,real,0.17,go,1
50,3624,real,0.17,go,1
50,3560,real,0.16,go,1.0625
50,3552,real,0.15,go,1.13333333333333
50,3560,real,0.15,go,1.13333333333333
50,3632,real,0.16,go,1.0625
80,3992,real,0.17,go,1
80,3924,real,0.17,go,1
80,3932,real,0.17,go,1
80,3984,real,0.17,go,1
80,3984,real,0.14,go,1.21428571428571
80,3992,real,0.13,go,1.30769230769231
80,3928,real,0.17,go,1
80,3924,real,0.16,go,1.0625
80,3920,real,0.17,go,1
100,4176,real,0.17,go,1
100,4236,real,0.15,go,1.13333333333333
100,4256,real,0.17,go,1
100,4180,real,0.17,go,1
100,4252,real,0.17,go,1
100,4240,real,0.17,go,1
100,4196,real,0.17,go,1
100,4244,real,0.16,go,1.0625
100,4240,real,0.17,go,1
125,4512,real,0.17,go,1
125,4516,real,0.17,go,1
125,4516,real,0.16,go,1.0625
125,4508,real,0.17,go,1
125,4524,real,0.16,go,1.0625
125,4444,real,0.17,go,1
125,4512,real,0.16,go,1.0625
125,4456,real,0.17,go,1
125,4512,real,0.17,go,1
200,5144,real,0.17,go,1
200,5144,real,0.17,go,1
200,5148,real,0.17,go,1
200,5140,real,0.17,go,1
200,5152,real,0.17,go,1
200,5136,real,0.17,go,1
200,5148,real,0.17,go,1
200,5128,real,0.17,go,1
200,5144,real,0.17,go,1
250,5412,real,0.17,go,1
250,5416,real,0.17,go,1
250,5412,real,0.17,go,1
250,5420,real,0.17,go,1
250,5424,real,0.17,go,1
250,5432,real,0.17,go,1
250,5416,real,0.17,go,1
250,5416,real,0.17,go,1
250,5424,real,0.17,go,1
400,6724,real,0.18,go,0.944444444444445
400,6708,real,0.15,go,1.13333333333333
400,6720,real,0.17,go,1
400,6720,real,0.17,go,1
400,6720,real,0.18,go,0.944444444444445
400,6720,real,0.17,go,1
400,6716,real,0.17,go,1
400,6704,real,0.12,go,1.41666666666667
400,6724,real,0.18,go,0.944444444444445
500,7520,real,0.17,go,1
500,7512,real,0.18,go,0.944444444444445
500,7496,real,0.17,go,1
500,7516,real,0.17,go,1
500,7512,real,0.18,go,0.944444444444445
500,7512,real,0.17,go,1
500,7504,real,0.18,go,0.944444444444445
500,7516,real,0.18,go,0.944444444444445
500,7516,real,0.18,go,0.944444444444445
1,105676,real,0.73,scala,1.05327245053272
1,105528,real,0.78,scala,0.985754985754986
1,105740,real,0.78,scala,0.985754985754986
1,105388,real,0.77,scala,0.998556998556999
1,105548,real,0.78,scala,0.985754985754986
1,105520,real,0.78,scala,0.985754985754986
1,105588,real,0.78,scala,0.985754985754986
1,105532,real,0.76,scala,1.01169590643275
1,105692,real,0.76,scala,1.01169590643275
1,105760,real,0.74,scala,1.03903903903904
2,105616,real,0.69,scala,1.11433172302738
2,105444,real,0.65,scala,1.18290598290598
2,105576,real,0.69,scala,1.11433172302738
2,105520,real,0.64,scala,1.20138888888889
2,105720,real,0.61,scala,1.26047358834244
2,105736,real,0.69,scala,1.11433172302738
2,105740,real,0.64,scala,1.20138888888889
2,106348,real,0.64,scala,1.20138888888889
2,105724,real,0.61,scala,1.26047358834244
2,105928,real,0.68,scala,1.13071895424837
4,105760,real,0.65,scala,1.18290598290598
4,105284,real,0.6,scala,1.28148148148148
4,104772,real,0.61,scala,1.26047358834244
4,104964,real,0.57,scala,1.34892787524366
4,105676,real,0.55,scala,1.3979797979798
4,105752,real,0.62,scala,1.24014336917563
4,104868,real,0.56,scala,1.37301587301587
4,105104,real,0.64,scala,1.20138888888889
4,104636,real,0.54,scala,1.4238683127572
4,105664,real,0.55,scala,1.3979797979798
5,105916,real,0.6,scala,1.28148148148148
5,105840,real,0.56,scala,1.37301587301587
5,105968,real,0.59,scala,1.30320150659134
5,105204,real,0.49,scala,1.56916099773243
5,105904,real,0.53,scala,1.45073375262055
5,105628,real,0.59,scala,1.30320150659134
5,104980,real,0.54,scala,1.4238683127572
5,105528,real,0.53,scala,1.45073375262055
5,105988,real,0.58,scala,1.32567049808429
5,105320,real,0.58,scala,1.32567049808429
8,105724,real,0.52,scala,1.47863247863248
8,105676,real,0.55,scala,1.3979797979798
8,105952,real,0.57,scala,1.34892787524366
8,105164,real,0.53,scala,1.45073375262055
8,105436,real,0.58,scala,1.32567049808429
8,105124,real,0.54,scala,1.4238683127572
8,105304,real,0.52,scala,1.47863247863248
8,106132,real,0.56,scala,1.37301587301587
8,105168,real,0.58,scala,1.32567049808429
8,105372,real,0.5,scala,1.53777777777778
10,105160,real,0.51,scala,1.50762527233115
10,106324,real,0.57,scala,1.34892787524366
10,105284,real,0.49,scala,1.56916099773243
10,105256,real,0.48,scala,1.60185185185185
10,105188,real,0.51,scala,1.50762527233115
10,105388,real,0.53,scala,1.45073375262055
10,105572,real,0.51,scala,1.50762527233115
10,105292,real,0.54,scala,1.4238683127572
10,105648,real,0.5,scala,1.53777777777778
10,105352,real,0.53,scala,1.45073375262055
16,105876,real,0.61,scala,1.26047358834244
16,107024,real,0.47,scala,1.63593380614657
16,106988,real,0.56,scala,1.37301587301587
16,106020,real,0.54,scala,1.4238683127572
16,106356,real,0.55,scala,1.3979797979798
16,105656,real,0.56,scala,1.37301587301587
16,105788,real,0.5,scala,1.53777777777778
16,105684,real,0.55,scala,1.3979797979798
16,106124,real,0.54,scala,1.4238683127572
16,107348,real,0.53,scala,1.45073375262055
20,106632,real,0.53,scala,1.45073375262055
20,105940,real,0.5,scala,1.53777777777778
20,105752,real,0.6,scala,1.28148148148148
20,106972,real,0.58,scala,1.32567049808429
20,107276,real,0.51,scala,1.50762527233115
20,106532,real,0.5,scala,1.53777777777778
20,106972,real,0.51,scala,1.50762527233115
20,107248,real,0.48,scala,1.60185185185185
20,106448,real,0.61,scala,1.26047358834244
20,106980,real,0.54,scala,1.4238683127572
25,107396,real,0.67,scala,1.14759535655058
25,106120,real,0.56,scala,1.37301587301587
25,106104,real,0.48,scala,1.60185185185185
25,106284,real,0.5,scala,1.53777777777778
25,107188,real,0.54,scala,1.4238683127572
25,105720,real,0.57,scala,1.34892787524366
25,107520,real,0.49,scala,1.56916099773243
25,107136,real,0.49,scala,1.56916099773243
25,106908,real,0.53,scala,1.45073375262055
25,105912,real,0.45,scala,1.70864197530864
32,106660,real,0.77,scala,0.998556998556999
32,106272,real,0.48,scala,1.60185185185185
32,106312,real,0.57,scala,1.34892787524366
32,107016,real,0.59,scala,1.30320150659134
32,106060,real,0.55,scala,1.3979797979798
32,106980,real,0.57,scala,1.34892787524366
32,106300,real,0.48,scala,1.60185185185185
32,106176,real,0.52,scala,1.47863247863248
32,107228,real,0.63,scala,1.22045855379189
32,106100,real,0.56,scala,1.37301587301587
40,107596,real,0.51,scala,1.50762527233115
40,107676,real,0.63,scala,1.22045855379189
40,107936,real,0.57,scala,1.34892787524366
40,108108,real,0.57,scala,1.34892787524366
40,107296,real,0.51,scala,1.50762527233115
40,106588,real,0.54,scala,1.4238683127572
40,106356,real,0.48,scala,1.60185185185185
40,106316,real,0.63,scala,1.22045855379189
40,108236,real,0.66,scala,1.16498316498317
40,107200,real,0.54,scala,1.4238683127572
50,112416,real,0.61,scala,1.26047358834244
50,113808,real,0.51,scala,1.50762527233115
50,111652,real,0.47,scala,1.63593380614657
50,112284,real,0.54,scala,1.4238683127572
50,111328,real,0.57,scala,1.34892787524366
50,112500,real,0.62,scala,1.24014336917563
50,112096,real,0.55,scala,1.3979797979798
50,114280,real,0.5,scala,1.53777777777778
50,112376,real,0.61,scala,1.26047358834244
50,113632,real,0.67,scala,1.14759535655058
80,113156,real,0.59,scala,1.30320150659134
80,113628,real,0.65,scala,1.18290598290598
80,111668,real,0.64,scala,1.20138888888889
80,113292,real,0.63,scala,1.22045855379189
80,112992,real,0.62,scala,1.24014336917563
80,111948,real,0.54,scala,1.4238683127572
80,114164,real,0.59,scala,1.30320150659134
80,112952,real,0.58,scala,1.32567049808429
80,112452,real,0.59,scala,1.30320150659134
80,112088,real,0.57,scala,1.34892787524366
100,112312,real,0.58,scala,1.32567049808429
100,113396,real,0.58,scala,1.32567049808429
100,113124,real,0.57,scala,1.34892787524366
100,113268,real,0.58,scala,1.32567049808429
100,114548,real,0.5,scala,1.53777777777778
100,112112,real,0.58,scala,1.32567049808429
100,112236,real,0.56,scala,1.37301587301587
100,114920,real,0.62,scala,1.24014336917563
100,115100,real,0.6,scala,1.28148148148148
100,112272,real,0.58,scala,1.32567049808429
125,112032,real,0.54,scala,1.4238683127572
125,113416,real,0.6,scala,1.28148148148148
125,112504,real,0.5,scala,1.53777777777778
125,112704,real,0.54,scala,1.4238683127572
125,113860,real,0.56,scala,1.37301587301587
125,112860,real,0.53,scala,1.45073375262055
125,113788,real,0.53,scala,1.45073375262055
125,114524,real,0.65,scala,1.18290598290598
125,112228,real,0.53,scala,1.45073375262055
125,114132,real,0.66,scala,1.16498316498317
200,115296,real,0.6,scala,1.28148148148148
200,114028,real,0.54,scala,1.4238683127572
200,116520,real,0.52,scala,1.47863247863248
200,115556,real,0.64,scala,1.20138888888889
200,112504,real,0.54,scala,1.4238683127572
200,114332,real,0.55,scala,1.3979797979798
200,120212,real,0.64,scala,1.20138888888889
200,116944,real,0.56,scala,1.37301587301587
200,112452,real,0.63,scala,1.22045855379189
200,114556,real,0.57,scala,1.34892787524366
250,114528,real,0.5,scala,1.53777777777778
250,113780,real,0.61,scala,1.26047358834244
250,114692,real,0.61,scala,1.26047358834244
250,112940,real,0.51,scala,1.50762527233115
250,113972,real,0.63,scala,1.22045855379189
250,114136,real,0.53,scala,1.45073375262055
250,114060,real,0.58,scala,1.32567049808429
250,114124,real,0.53,scala,1.45073375262055
250,115060,real,0.51,scala,1.50762527233115
250,114180,real,0.71,scala,1.0829420970266
400,118176,real,0.63,scala,1.22045855379189
400,118352,real,0.66,scala,1.16498316498317
400,117620,real,0.55,scala,1.3979797979798
400,121836,real,0.67,scala,1.14759535655058
400,115480,real,0.62,scala,1.24014336917563
400,115144,real,0.56,scala,1.37301587301587
400,115688,real,0.47,scala,1.63593380614657
400,115856,real,0.7,scala,1.0984126984127
400,114492,real,0.48,scala,1.60185185185185
400,115936,real,0.62,scala,1.24014336917563
500,118956,real,0.71,scala,1.0829420970266
500,118772,real,0.67,scala,1.14759535655058
500,117988,real,0.61,scala,1.26047358834244
500,118436,real,0.61,scala,1.26047358834244
500,117812,real,0.55,scala,1.3979797979798
500,118448,real,0.58,scala,1.32567049808429
500,126940,real,0.87,scala,0.883780332056194
500,116964,real,0.45,scala,1.70864197530864
500,117996,real,0.5,scala,1.53777777777778
500,117836,real,0.54,scala,1.4238683127572
1,179940,real,0.61,java_new,1.05828779599271
1,179948,real,0.66,java_new,0.978114478114478
1,179940,real,0.65,java_new,0.993162393162393
1,179848,real,0.62,java_new,1.04121863799283
1,180548,real,0.68,java_new,0.949346405228758
1,180028,real,0.59,java_new,1.09416195856874
1,179880,real,0.65,java_new,0.993162393162393
1,180452,real,0.68,java_new,0.949346405228758
1,179912,real,0.67,java_new,0.963515754560531
2,180180,real,0.66,java_new,0.978114478114478
2,180844,real,0.62,java_new,1.04121863799283
2,181168,real,0.67,java_new,0.963515754560531
2,179928,real,0.68,java_new,0.949346405228758
2,180648,real,0.61,java_new,1.05828779599271
2,179156,real,0.57,java_new,1.13255360623782
2,179996,real,0.64,java_new,1.00868055555556
2,181224,real,0.64,java_new,1.00868055555556
2,180280,real,0.72,java_new,0.896604938271605
4,180804,real,0.49,java_new,1.31746031746032
4,179852,real,0.55,java_new,1.17373737373737
4,181148,real,0.55,java_new,1.17373737373737
4,180192,real,0.48,java_new,1.34490740740741
4,180996,real,0.51,java_new,1.26579520697168
4,179876,real,0.48,java_new,1.34490740740741
4,181084,real,0.53,java_new,1.21802935010482
4,181124,real,0.52,java_new,1.24145299145299
4,180216,real,0.43,java_new,1.50129198966408
5,180600,real,0.42,java_new,1.53703703703704
5,181408,real,0.46,java_new,1.40338164251208
5,181284,real,0.46,java_new,1.40338164251208
5,180640,real,0.5,java_new,1.29111111111111
5,179880,real,0.51,java_new,1.26579520697168
5,180692,real,0.47,java_new,1.37352245862884
5,181384,real,0.53,java_new,1.21802935010482
5,180068,real,0.49,java_new,1.31746031746032
5,181116,real,0.49,java_new,1.31746031746032
8,180320,real,0.46,java_new,1.40338164251208
8,180432,real,0.42,java_new,1.53703703703704
8,181384,real,0.44,java_new,1.46717171717172
8,180968,real,0.43,java_new,1.50129198966408
8,180348,real,0.41,java_new,1.57452574525745
8,180176,real,0.41,java_new,1.57452574525745
8,180524,real,0.46,java_new,1.40338164251208
8,180752,real,0.46,java_new,1.40338164251208
8,180556,real,0.45,java_new,1.43456790123457
10,179756,real,0.4,java_new,1.61388888888889
10,181604,real,0.48,java_new,1.34490740740741
10,181316,real,0.4,java_new,1.61388888888889
10,179920,real,0.38,java_new,1.69883040935673
10,181196,real,0.45,java_new,1.43456790123457
10,181528,real,0.44,java_new,1.46717171717172
10,180508,real,0.38,java_new,1.69883040935673
10,180636,real,0.41,java_new,1.57452574525745
10,180456,real,0.4,java_new,1.61388888888889
16,180920,real,0.42,java_new,1.53703703703704
16,181724,real,0.38,java_new,1.69883040935673
16,180940,real,0.38,java_new,1.69883040935673
16,181960,real,0.39,java_new,1.65527065527066
16,181244,real,0.38,java_new,1.69883040935673
16,180684,real,0.38,java_new,1.69883040935673
16,181256,real,0.42,java_new,1.53703703703704
16,181524,real,0.41,java_new,1.57452574525745
16,181012,real,0.35,java_new,1.84444444444444
20,181652,real,0.46,java_new,1.40338164251208
20,181452,real,0.4,java_new,1.61388888888889
20,180708,real,0.45,java_new,1.43456790123457
20,181256,real,0.34,java_new,1.89869281045752
20,181228,real,0.35,java_new,1.84444444444444
20,181216,real,0.4,java_new,1.61388888888889
20,181284,real,0.49,java_new,1.31746031746032
20,181048,real,0.42,java_new,1.53703703703704
20,180800,real,0.38,java_new,1.69883040935673
25,181320,real,0.38,java_new,1.69883040935673
25,181368,real,0.42,java_new,1.53703703703704
25,182168,real,0.55,java_new,1.17373737373737
25,182152,real,0.43,java_new,1.50129198966408
25,179996,real,0.51,java_new,1.26579520697168
25,181192,real,0.42,java_new,1.53703703703704
25,181944,real,0.44,java_new,1.46717171717172
25,182124,real,0.43,java_new,1.50129198966408
25,181900,real,0.39,java_new,1.65527065527066
32,181364,real,0.48,java_new,1.34490740740741
32,180900,real,0.48,java_new,1.34490740740741
32,181824,real,0.52,java_new,1.24145299145299
32,181896,real,0.39,java_new,1.65527065527066
32,182248,real,0.48,java_new,1.34490740740741
32,181336,real,0.51,java_new,1.26579520697168
32,182020,real,0.46,java_new,1.40338164251208
32,181260,real,0.41,java_new,1.57452574525745
32,181780,real,0.41,java_new,1.57452574525745
40,181256,real,0.47,java_new,1.37352245862884
40,182284,real,0.38,java_new,1.69883040935673
40,183060,real,0.44,java_new,1.46717171717172
40,181724,real,0.46,java_new,1.40338164251208
40,182848,real,0.49,java_new,1.31746031746032
40,181876,real,0.45,java_new,1.43456790123457
40,181228,real,0.38,java_new,1.69883040935673
40,182284,real,0.48,java_new,1.34490740740741
40,181880,real,0.52,java_new,1.24145299145299
50,276816,real,0.5,java_new,1.29111111111111
50,281824,real,0.57,java_new,1.13255360623782
50,283284,real,0.45,java_new,1.43456790123457
50,283396,real,0.45,java_new,1.43456790123457
50,278604,real,0.57,java_new,1.13255360623782
50,276596,real,0.5,java_new,1.29111111111111
50,277800,real,0.62,java_new,1.04121863799283
50,280444,real,0.55,java_new,1.17373737373737
50,283464,real,0.46,java_new,1.40338164251208
80,279592,real,0.56,java_new,1.15277777777778
80,284124,real,0.89,java_new,0.725343320848939
80,278436,real,0.45,java_new,1.43456790123457
80,279896,real,0.54,java_new,1.19547325102881
80,288720,real,0.72,java_new,0.896604938271605
80,281016,real,0.55,java_new,1.17373737373737
80,278652,real,0.48,java_new,1.34490740740741
80,278240,real,0.48,java_new,1.34490740740741
80,277964,real,0.49,java_new,1.31746031746032
100,278040,real,0.5,java_new,1.29111111111111
100,281752,real,0.57,java_new,1.13255360623782
100,281096,real,0.49,java_new,1.31746031746032
100,286312,real,0.57,java_new,1.13255360623782
100,285368,real,0.5,java_new,1.29111111111111
100,280228,real,0.47,java_new,1.37352245862884
100,283884,real,0.6,java_new,1.07592592592593
100,281808,real,0.59,java_new,1.09416195856874
100,278668,real,0.51,java_new,1.26579520697168
125,294368,real,0.53,java_new,1.21802935010482
125,284856,real,0.94,java_new,0.686761229314421
125,281796,real,0.47,java_new,1.37352245862884
125,371452,real,0.52,java_new,1.24145299145299
125,373796,real,0.69,java_new,0.935587761674718
125,287896,real,0.5,java_new,1.29111111111111
125,280972,real,0.49,java_new,1.31746031746032
125,282196,real,0.5,java_new,1.29111111111111
125,285584,real,0.56,java_new,1.15277777777778
200,290288,real,0.54,java_new,1.19547325102881
200,283120,real,0.48,java_new,1.34490740740741
200,370304,real,0.52,java_new,1.24145299145299
200,287032,real,0.49,java_new,1.31746031746032
200,372416,real,0.52,java_new,1.24145299145299
200,281160,real,0.5,java_new,1.29111111111111
200,283420,real,0.52,java_new,1.24145299145299
200,280116,real,0.52,java_new,1.24145299145299
200,284420,real,0.52,java_new,1.24145299145299
250,287396,real,0.63,java_new,1.02469135802469
250,281972,real,0.53,java_new,1.21802935010482
250,283004,real,0.59,java_new,1.09416195856874
250,283104,real,0.47,java_new,1.37352245862884
250,284428,real,0.52,java_new,1.24145299145299
250,279068,real,0.67,java_new,0.963515754560531
250,285532,real,0.46,java_new,1.40338164251208
250,286348,real,0.53,java_new,1.21802935010482
250,282872,real,0.56,java_new,1.15277777777778
400,372176,real,0.62,java_new,1.04121863799283
400,382488,real,0.9,java_new,0.717283950617284
400,367660,real,0.79,java_new,0.817158931082982
400,369944,real,0.53,java_new,1.21802935010482
400,279932,real,0.77,java_new,0.838383838383838
400,454720,real,0.63,java_new,1.02469135802469
400,367024,real,0.56,java_new,1.15277777777778
400,372752,real,0.55,java_new,1.17373737373737
400,366248,real,0.59,java_new,1.09416195856874
500,372868,real,0.61,java_new,1.05828779599271
500,281392,real,0.55,java_new,1.17373737373737
500,288240,real,0.47,java_new,1.37352245862884
500,367248,real,0.69,java_new,0.935587761674718
500,367176,real,0.62,java_new,1.04121863799283
500,457768,real,0.58,java_new,1.11302681992337
500,285568,real,0.52,java_new,1.24145299145299
500,458172,real,0.62,java_new,1.04121863799283
500,448932,real,0.6,java_new,1.07592592592593
1,179688,real,0.52,java_old,1.04059829059829
1,180060,real,0.55,java_old,0.983838383838384
1,179968,real,0.58,java_old,0.932950191570881
1,180508,real,0.58,java_old,0.932950191570881
1,180004,real,0.51,java_old,1.06100217864924
1,179848,real,0.56,java_old,0.966269841269841
1,179892,real,0.55,java_old,0.983838383838384
1,179644,real,0.52,java_old,1.04059829059829
1,180056,real,0.5,java_old,1.08222222222222
2,179832,real,0.44,java_old,1.22979797979798
2,179844,real,0.44,java_old,1.22979797979798
2,180136,real,0.38,java_old,1.42397660818713
2,179924,real,0.45,java_old,1.20246913580247
2,179940,real,0.48,java_old,1.12731481481481
2,179972,real,0.44,java_old,1.22979797979798
2,179316,real,0.42,java_old,1.28835978835979
2,180312,real,0.49,java_old,1.10430839002268
2,179812,real,0.48,java_old,1.12731481481481
4,180396,real,0.38,java_old,1.42397660818713
4,180488,real,0.39,java_old,1.38746438746439
4,180752,real,0.44,java_old,1.22979797979798
4,180584,real,0.43,java_old,1.25839793281654
4,179912,real,0.38,java_old,1.42397660818713
4,180548,real,0.38,java_old,1.42397660818713
4,180024,real,0.4,java_old,1.35277777777778
4,180672,real,0.41,java_old,1.31978319783198
4,179700,real,0.38,java_old,1.42397660818713
5,179988,real,0.33,java_old,1.63973063973064
5,179616,real,0.38,java_old,1.42397660818713
5,180028,real,0.37,java_old,1.46246246246246
5,179744,real,0.33,java_old,1.63973063973064
5,180164,real,0.37,java_old,1.46246246246246
5,180688,real,0.41,java_old,1.31978319783198
5,180256,real,0.4,java_old,1.35277777777778
5,180208,real,0.39,java_old,1.38746438746439
5,179996,real,0.34,java_old,1.59150326797386
8,180412,real,0.33,java_old,1.63973063973064
8,180784,real,0.36,java_old,1.50308641975309
8,180028,real,0.34,java_old,1.59150326797386
8,180216,real,0.34,java_old,1.59150326797386
8,180456,real,0.34,java_old,1.59150326797386
8,180604,real,0.37,java_old,1.46246246246246
8,180208,real,0.34,java_old,1.59150326797386
8,179912,real,0.36,java_old,1.50308641975309
8,180720,real,0.35,java_old,1.54603174603175
10,180564,real,0.39,java_old,1.38746438746439
10,180332,real,0.35,java_old,1.54603174603175
10,179924,real,0.33,java_old,1.63973063973064
10,180148,real,0.33,java_old,1.63973063973064
10,180992,real,0.34,java_old,1.59150326797386
10,179648,real,0.37,java_old,1.46246246246246
10,179692,real,0.34,java_old,1.59150326797386
10,180896,real,0.34,java_old,1.59150326797386
10,180084,real,0.34,java_old,1.59150326797386
16,181172,real,0.4,java_old,1.35277777777778
16,181388,real,0.43,java_old,1.25839793281654
16,180512,real,0.35,java_old,1.54603174603175
16,181364,real,0.42,java_old,1.28835978835979
16,181276,real,0.35,java_old,1.54603174603175
16,181364,real,0.37,java_old,1.46246246246246
16,180608,real,0.36,java_old,1.50308641975309
16,180476,real,0.35,java_old,1.54603174603175
16,181388,real,0.36,java_old,1.50308641975309
20,181688,real,0.33,java_old,1.63973063973064
20,181540,real,0.37,java_old,1.46246246246246
20,181184,real,0.33,java_old,1.63973063973064
20,181480,real,0.41,java_old,1.31978319783198
20,180828,real,0.38,java_old,1.42397660818713
20,181400,real,0.41,java_old,1.31978319783198
20,181540,real,0.37,java_old,1.46246246246246
20,180804,real,0.36,java_old,1.50308641975309
20,180004,real,0.4,java_old,1.35277777777778
25,180976,real,0.45,java_old,1.20246913580247
25,181648,real,0.43,java_old,1.25839793281654
25,182016,real,0.34,java_old,1.59150326797386
25,181576,real,0.39,java_old,1.38746438746439
25,181668,real,0.4,java_old,1.35277777777778
25,180424,real,0.44,java_old,1.22979797979798
25,181440,real,0.35,java_old,1.54603174603175
25,181596,real,0.37,java_old,1.46246246246246
25,181396,real,0.33,java_old,1.63973063973064
32,181280,real,0.33,java_old,1.63973063973064
32,182144,real,0.36,java_old,1.50308641975309
32,180776,real,0.39,java_old,1.38746438746439
32,180968,real,0.38,java_old,1.42397660818713
32,181076,real,0.42,java_old,1.28835978835979
32,180856,real,0.44,java_old,1.22979797979798
32,181412,real,0.36,java_old,1.50308641975309
32,181160,real,0.34,java_old,1.59150326797386
32,181316,real,0.34,java_old,1.59150326797386
40,182204,real,0.4,java_old,1.35277777777778
40,181768,real,0.38,java_old,1.42397660818713
40,182708,real,0.45,java_old,1.20246913580247
40,181348,real,0.42,java_old,1.28835978835979
40,181284,real,0.36,java_old,1.50308641975309
40,181712,real,0.43,java_old,1.25839793281654
40,181528,real,0.34,java_old,1.59150326797386
40,182988,real,0.37,java_old,1.46246246246246
40,182160,real,0.37,java_old,1.46246246246246
50,277348,real,0.46,java_old,1.17632850241546
50,278860,real,0.43,java_old,1.25839793281654
50,276760,real,0.48,java_old,1.12731481481481
50,276952,real,0.4,java_old,1.35277777777778
50,281416,real,0.52,java_old,1.04059829059829
50,275852,real,0.44,java_old,1.22979797979798
50,276992,real,0.4,java_old,1.35277777777778
50,278108,real,0.41,java_old,1.31978319783198
50,277100,real,0.4,java_old,1.35277777777778
80,279404,real,0.45,java_old,1.20246913580247
80,277412,real,0.45,java_old,1.20246913580247
80,279040,real,0.45,java_old,1.20246913580247
80,280800,real,0.42,java_old,1.28835978835979
80,280824,real,0.54,java_old,1.00205761316872
80,283372,real,0.42,java_old,1.28835978835979
80,278536,real,0.47,java_old,1.15130023640662
80,281508,real,0.53,java_old,1.020964360587
80,277104,real,0.43,java_old,1.25839793281654
100,282140,real,0.46,java_old,1.17632850241546
100,279536,real,0.55,java_old,0.983838383838384
100,277512,real,0.41,java_old,1.31978319783198
100,279124,real,0.5,java_old,1.08222222222222
100,282084,real,0.44,java_old,1.22979797979798
100,278364,real,0.48,java_old,1.12731481481481
100,282380,real,0.42,java_old,1.28835978835979
100,283040,real,0.47,java_old,1.15130023640662
100,289576,real,1.27,java_old,0.426071741032371
125,278100,real,0.46,java_old,1.17632850241546
125,280612,real,0.47,java_old,1.15130023640662
125,284936,real,0.48,java_old,1.12731481481481
125,277632,real,0.46,java_old,1.17632850241546
125,281256,real,0.51,java_old,1.06100217864924
125,290064,real,0.51,java_old,1.06100217864924
125,284268,real,0.51,java_old,1.06100217864924
125,279608,real,0.41,java_old,1.31978319783198
125,281964,real,0.45,java_old,1.20246913580247
200,278008,real,0.49,java_old,1.10430839002268
200,364452,real,0.47,java_old,1.15130023640662
200,286600,real,0.56,java_old,0.966269841269841
200,287264,real,0.48,java_old,1.12731481481481
200,283260,real,0.47,java_old,1.15130023640662
200,281928,real,0.39,java_old,1.38746438746439
200,278260,real,0.45,java_old,1.20246913580247
200,367760,real,0.47,java_old,1.15130023640662
200,279524,real,0.44,java_old,1.22979797979798
250,366584,real,0.47,java_old,1.15130023640662
250,277500,real,0.54,java_old,1.00205761316872
250,281100,real,0.44,java_old,1.22979797979798
250,280948,real,0.42,java_old,1.28835978835979
250,281148,real,0.47,java_old,1.15130023640662
250,280936,real,0.47,java_old,1.15130023640662
250,278060,real,0.41,java_old,1.31978319783198
250,282212,real,0.43,java_old,1.25839793281654
250,284540,real,0.48,java_old,1.12731481481481
400,456696,real,0.61,java_old,0.887067395264117
400,366864,real,0.47,java_old,1.15130023640662
400,366732,real,0.48,java_old,1.12731481481481
400,367400,real,0.61,java_old,0.887067395264117
400,285500,real,0.43,java_old,1.25839793281654
400,282520,real,0.48,java_old,1.12731481481481
400,278988,real,0.47,java_old,1.15130023640662
400,281480,real,0.54,java_old,1.00205761316872
400,454428,real,0.57,java_old,0.949317738791423
500,368724,real,0.68,java_old,0.795751633986928
500,280564,real,0.44,java_old,1.22979797979798
500,367756,real,0.45,java_old,1.20246913580247
500,366932,real,0.53,java_old,1.020964360587
500,367300,real,0.51,java_old,1.06100217864924
500,281428,real,0.46,java_old,1.17632850241546
500,278300,real,0.4,java_old,1.35277777777778
500,367020,real,0.52,java_old,1.04059829059829
500,367384,real,0.53,java_old,1.020964360587
1,599984,real,3.22,clojure,0.90752242926156
1,483428,real,3.01,clojure,0.970837947582134
1,482160,real,2.7,clojure,1.08230452674897
1,479824,real,2.9,clojure,1.00766283524904
1,600048,real,3.35,clojure,0.872305140961857
1,480396,real,2.81,clojure,1.03993673388691
1,480228,real,2.75,clojure,1.06262626262626
1,482212,real,2.63,clojure,1.11111111111111
1,480192,real,2.93,clojure,0.997345468335229
2,635120,real,2.9,clojure,1.00766283524904
2,634904,real,2.83,clojure,1.0325873576757
2,632952,real,2.54,clojure,1.15048118985127
2,645212,real,2.92,clojure,1.00076103500761
2,649868,real,3,clojure,0.974074074074074
2,642824,real,2.85,clojure,1.02534113060429
2,647108,real,2.92,clojure,1.00076103500761
2,648272,real,2.85,clojure,1.02534113060429
2,637072,real,2.95,clojure,0.990583804143126
4,636072,real,2.75,clojure,1.06262626262626
4,633972,real,2.98,clojure,0.980611483967189
4,622728,real,2.99,clojure,0.977331846897064
4,637888,real,3.41,clojure,0.856956663408276
4,620852,real,2.79,clojure,1.047391477499
4,630188,real,2.79,clojure,1.047391477499
4,642616,real,2.91,clojure,1.00420007636502
4,640112,real,2.93,clojure,0.997345468335229
4,634884,real,3.51,clojure,0.832541943653055
5,624772,real,2.97,clojure,0.983913206135428
5,639468,real,3.29,clojure,0.888213441404931
5,628868,real,2.76,clojure,1.05877616747182
5,617708,real,3.15,clojure,0.927689594356261
5,628204,real,2.91,clojure,1.00420007636502
5,619036,real,3.05,clojure,0.958105646630237
5,631292,real,3.39,clojure,0.862012454932809
5,631720,real,2.7,clojure,1.08230452674897
5,626256,real,2.71,clojure,1.07831078310783
8,623500,real,3.25,clojure,0.899145299145299
8,623496,real,3.18,clojure,0.918937805730259
8,631300,real,2.77,clojure,1.05495387083835
8,616476,real,3.23,clojure,0.904712762297902
8,625328,real,2.62,clojure,1.11535199321459
8,608444,real,3,clojure,0.974074074074074
8,603808,real,2.55,clojure,1.14596949891068
8,605800,real,2.9,clojure,1.00766283524904
8,612184,real,3.29,clojure,0.888213441404931
10,622188,real,3.15,clojure,0.927689594356261
10,607704,real,3,clojure,0.974074074074074
10,579832,real,2.73,clojure,1.07041107041107
10,599176,real,2.9,clojure,1.00766283524904
10,617224,real,2.78,clojure,1.05115907274181
10,620308,real,3.06,clojure,0.954974582425563
10,600876,real,2.68,clojure,1.09038142620232
10,622664,real,3.35,clojure,0.872305140961857
10,623396,real,2.71,clojure,1.07831078310783
16,585440,real,2.96,clojure,0.987237237237237
16,592348,real,3.02,clojure,0.967623252391464
16,552316,real,3.22,clojure,0.90752242926156
16,580628,real,2.96,clojure,0.987237237237237
16,582816,real,2.77,clojure,1.05495387083835
16,614496,real,3.15,clojure,0.927689594356261
16,590304,real,2.83,clojure,1.0325873576757
16,599712,real,3.04,clojure,0.96125730994152
16,591196,real,3.16,clojure,0.924753867791842
20,544144,real,3.37,clojure,0.867128255852291
20,567128,real,3.48,clojure,0.839719029374202
20,537080,real,3.13,clojure,0.933617323393681
20,542376,real,3.55,clojure,0.823161189358372
20,558340,real,2.95,clojure,0.990583804143126
20,551232,real,3.03,clojure,0.964429776310964
20,553472,real,3.25,clojure,0.899145299145299
20,565880,real,2.87,clojure,1.01819589624468
20,555032,real,2.88,clojure,1.01466049382716
25,545420,real,3.39,clojure,0.862012454932809
25,547484,real,3.18,clojure,0.918937805730259
25,546608,real,3.46,clojure,0.844572896596018
25,513332,real,3.49,clojure,0.837312957656797
25,507876,real,2.63,clojure,1.11111111111111
25,503972,real,3.06,clojure,0.954974582425563
25,541260,real,3.2,clojure,0.913194444444444
25,555744,real,3.07,clojure,0.951863916033297
25,546044,real,3.12,clojure,0.936609686609687
32,574960,real,3.5,clojure,0.834920634920635
32,535248,real,3.78,clojure,0.773074661963551
32,546460,real,3.7,clojure,0.78978978978979
32,576120,real,2.93,clojure,0.997345468335229
32,578136,real,2.83,clojure,1.0325873576757
32,550768,real,3.52,clojure,0.830176767676768
32,546580,real,3.36,clojure,0.869708994708995
32,543412,real,3.36,clojure,0.869708994708995
32,565024,real,3.42,clojure,0.85445094217024
40,544080,real,3.36,clojure,0.869708994708995
40,545104,real,3.34,clojure,0.874916833000665
40,538640,real,3.11,clojure,0.939621293319043
40,549576,real,3.09,clojure,0.945702984537936
40,546956,real,3.21,clojure,0.910349601938387
40,544892,real,3.17,clojure,0.921836663161584
40,601876,real,3.53,clojure,0.827824992130941
40,540700,real,3.82,clojure,0.764979639325189
40,557016,real,3.73,clojure,0.783437593089068
50,524696,real,3.11,clojure,0.939621293319043
50,539952,real,3.25,clojure,0.899145299145299
50,528852,real,3.15,clojure,0.927689594356261
50,518000,real,3.14,clojure,0.930644019815994
50,542380,real,3.07,clojure,0.951863916033297
50,547800,real,2.86,clojure,1.02175602175602
50,546116,real,3.55,clojure,0.823161189358372
50,551352,real,3.16,clojure,0.924753867791842
50,537096,real,3.29,clojure,0.888213441404931
80,557972,real,3.23,clojure,0.904712762297902
80,545984,real,3.1,clojure,0.942652329749104
80,545184,real,3.13,clojure,0.933617323393681
80,549692,real,3.62,clojure,0.807243707796194
80,487312,real,2.91,clojure,1.00420007636502
80,553100,real,3.29,clojure,0.888213441404931
80,549588,real,3.18,clojure,0.918937805730259
80,538052,real,3.16,clojure,0.924753867791842
80,532332,real,2.56,clojure,1.14149305555556
100,532008,real,3.28,clojure,0.890921409214092
100,541124,real,3.04,clojure,0.96125730994152
100,566480,real,3.46,clojure,0.844572896596018
100,562332,real,3.76,clojure,0.777186761229314
100,580956,real,3.04,clojure,0.96125730994152
100,527172,real,3.63,clojure,0.805019895928987
100,532296,real,3.03,clojure,0.964429776310964
100,575100,real,2.97,clojure,0.983913206135428
100,522772,real,3.26,clojure,0.896387184730743
125,549312,real,3.6,clojure,0.811728395061728
125,541756,real,4.27,clojure,0.684361176164455
125,519848,real,3.33,clojure,0.877544210877544
125,526600,real,4.08,clojure,0.716230936819172
125,512856,real,3.07,clojure,0.951863916033297
125,517692,real,4.13,clojure,0.707559860102233
125,532072,real,3.07,clojure,0.951863916033297
125,532052,real,4.09,clojure,0.714479760934529
125,491708,real,2.46,clojure,1.18789521228546
200,548756,real,3.15,clojure,0.927689594356261
200,560296,real,3.3,clojure,0.885521885521885
200,543552,real,3.73,clojure,0.783437593089068
200,574528,real,2.88,clojure,1.01466049382716
200,545220,real,3.63,clojure,0.805019895928987
200,544104,real,3.47,clojure,0.842138968940122
200,571612,real,3.2,clojure,0.913194444444444
200,518280,real,2.97,clojure,0.983913206135428
200,519152,real,2.68,clojure,1.09038142620232
250,556868,real,3.31,clojure,0.882846592816381
250,575460,real,3.33,clojure,0.877544210877544
250,544416,real,3.14,clojure,0.930644019815994
250,533704,real,3.27,clojure,0.893645939517499
250,564556,real,3.24,clojure,0.901920438957476
250,547296,real,2.99,clojure,0.977331846897064
250,533280,real,3.3,clojure,0.885521885521885
250,578440,real,2.81,clojure,1.03993673388691
250,567528,real,3.13,clojure,0.933617323393681
400,528332,real,3.13,clojure,0.933617323393681
400,536172,real,3.21,clojure,0.910349601938387
400,535452,real,3.04,clojure,0.96125730994152
400,562560,real,2.7,clojure,1.08230452674897
400,551844,real,2.98,clojure,0.980611483967189
400,545160,real,3.4,clojure,0.859477124183006
400,554356,real,2.81,clojure,1.03993673388691
400,566984,real,2.66,clojure,1.09857978279031
400,551708,real,3.5,clojure,0.834920634920635
500,535648,real,3.1,clojure,0.942652329749104
500,547172,real,3.48,clojure,0.839719029374202
500,540460,real,3.19,clojure,0.916057122953675
500,586172,real,2.67,clojure,1.09446525176862
500,555312,real,3.48,clojure,0.839719029374202
500,573080,real,2.76,clojure,1.05877616747182
500,542032,real,2.64,clojure,1.10690235690236
500,571696,real,3.57,clojure,0.818549642079054
500,556648,real,2.78,clojure,1.05115907274181
1,32944,real,132.92,erlang,1.00410439027652
1,33496,real,142.46,erlang,0.936863369054861
1,33408,real,132.21,erlang,1.00949667616334
1,34076,real,131.98,erlang,1.01125591419575
1,32676,real,132.03,erlang,1.01087294975048
1,32180,real,132.2,erlang,1.00957303748529
1,33348,real,133.21,erlang,1.0019184412248
1,33552,real,132.01,erlang,1.01102610071628
1,33924,real,132.17,erlang,1.00980219078123
1,33732,real,132.61,erlang,1.00645166695992
2,36600,real,43.65,erlang,3.05763013872979
2,35592,real,43.13,erlang,3.09449468016591
2,35876,real,43.1,erlang,3.09664862077855
2,35796,real,43.98,erlang,3.03468748420999
2,37520,real,43.7,erlang,3.05413170607679
2,35048,real,42.87,erlang,3.11326231760102
2,35416,real,43.2,erlang,3.0894804526749
2,36360,real,43.21,erlang,3.08876546067011
2,36508,real,43.83,erlang,3.04507313610667
2,36548,real,43.21,erlang,3.08876546067011
4,38524,real,12.86,erlang,10.3783480214273
4,35280,real,12.78,erlang,10.443314206225
4,34612,real,12.75,erlang,10.4678867102397
4,36560,real,13.23,erlang,10.0880994373058
4,38028,real,13.31,erlang,10.0274647299441
4,35976,real,13.01,erlang,10.2586898966607
4,34552,real,12.78,erlang,10.443314206225
4,34600,real,13.05,erlang,10.227245636441
4,34372,real,12.66,erlang,10.5423029664736
4,38680,real,12.84,erlang,10.3945136725511
8,36188,real,3.99,erlang,33.4500139236981
8,36296,real,3.95,erlang,33.7887482419128
8,35712,real,3.96,erlang,33.7034231200898
8,35516,real,3.96,erlang,33.7034231200898
8,36040,real,4.06,erlang,32.8732895457033
8,37296,real,3.95,erlang,33.7887482419128
8,35344,real,4.1,erlang,32.5525745257453
8,35896,real,3.91,erlang,34.1344131855641
8,37144,real,3.97,erlang,33.618527847747
8,35484,real,4.08,erlang,32.7121459694989
10,37508,real,3.27,erlang,40.8151546041454
10,38748,real,3.2,erlang,41.7079861111111
10,37768,real,3.19,erlang,41.838732149077
10,38284,real,3.21,erlang,41.5780546902042
10,36180,real,3.14,erlang,42.5049539985846
10,38020,real,3.25,erlang,41.0663247863248
10,39128,real,3.23,erlang,41.3206054351565
10,37596,real,3.25,erlang,41.0663247863248
10,39128,real,3.26,erlang,40.9403544648943
10,36752,real,3.28,erlang,40.6907181571816
16,41872,real,2.05,erlang,65.1051490514905
16,41992,real,2.07,erlang,64.4761137949544
16,41544,real,2.07,erlang,64.4761137949544
16,41564,real,2.11,erlang,63.2538177988415
16,41436,real,2.04,erlang,65.4242919389978
16,42572,real,2.04,erlang,65.4242919389978
16,42012,real,2.03,erlang,65.7465790914067
16,41848,real,2.06,erlang,64.7891046386192
16,42008,real,2.02,erlang,66.0720572057206
16,40508,real,2.09,erlang,63.8591174906964
20,38396,real,2.06,erlang,64.7891046386192
20,38264,real,2.02,erlang,66.0720572057206
20,38532,real,2.03,erlang,65.7465790914067
20,38224,real,2.04,erlang,65.4242919389978
20,38560,real,2.08,erlang,64.1661324786325
20,38504,real,2.05,erlang,65.1051490514905
20,38752,real,2.04,erlang,65.4242919389978
20,38592,real,2.06,erlang,64.7891046386192
20,37740,real,1.99,erlang,67.0681183696259
20,38076,real,2.05,erlang,65.1051490514905
25,40168,real,1.87,erlang,71.3719548425431
25,40876,real,1.89,erlang,70.6166960611405
25,39952,real,1.92,erlang,69.5133101851852
25,39996,real,1.99,erlang,67.0681183696259
25,40404,real,1.94,erlang,68.7966781214204
25,39288,real,1.91,erlang,69.8772542175683
25,39924,real,1.93,erlang,69.1531375935521
25,39260,real,1.92,erlang,69.5133101851852
25,39916,real,1.91,erlang,69.8772542175683
25,39324,real,1.95,erlang,68.4438746438746
32,44480,real,1.83,erlang,72.9319975713418
32,44540,real,1.81,erlang,73.7378759975445
32,43976,real,1.83,erlang,72.9319975713418
32,43672,real,1.8,erlang,74.1475308641975
32,43972,real,1.8,erlang,74.1475308641975
32,43580,real,1.77,erlang,75.4042686754551
32,43292,real,1.77,erlang,75.4042686754551
32,43836,real,1.76,erlang,75.832702020202
32,44396,real,1.79,erlang,74.5617628801986
32,43968,real,1.78,erlang,74.9806491885143
40,42572,real,1.67,erlang,79.919494344644
40,42160,real,1.63,erlang,81.8807089297887
40,41876,real,1.7,erlang,78.5091503267974
40,42260,real,1.64,erlang,81.3814363143631
40,42224,real,1.69,erlang,78.973701512163
40,41916,real,1.65,erlang,80.8882154882155
40,41816,real,1.69,erlang,78.973701512163
40,42320,real,1.63,erlang,81.8807089297887
40,42988,real,1.66,erlang,80.40093708166
40,40988,real,1.64,erlang,81.3814363143631
50,39660,real,1.6,erlang,83.4159722222222
50,39084,real,1.6,erlang,83.4159722222222
50,39520,real,1.62,erlang,82.3861454046639
50,39880,real,1.62,erlang,82.3861454046639
50,41360,real,1.56,erlang,85.5548433048433
50,40284,real,1.63,erlang,81.8807089297887
50,41032,real,1.63,erlang,81.8807089297887
50,41336,real,1.59,erlang,83.9406009783368
50,41116,real,1.63,erlang,81.8807089297887
50,40212,real,1.59,erlang,83.9406009783368
80,39732,real,1.52,erlang,87.8062865497076
80,39912,real,1.52,erlang,87.8062865497076
80,39168,real,1.53,erlang,87.2323892519971
80,37724,real,1.54,erlang,86.6659451659452
80,40528,real,1.47,erlang,90.7928949357521
80,40636,real,1.51,erlang,88.3877851361295
80,39052,real,1.51,erlang,88.3877851361295
80,41348,real,1.54,erlang,86.6659451659452
80,40552,real,1.53,erlang,87.2323892519971
80,39804,real,1.49,erlang,89.5741983594333
100,39476,real,1.45,erlang,92.0452107279693
100,38432,real,1.52,erlang,87.8062865497076
100,37664,real,1.46,erlang,91.4147640791476
100,37504,real,1.5,erlang,88.977037037037
100,40032,real,1.51,erlang,88.3877851361295
100,39996,real,1.49,erlang,89.5741983594333
100,41860,real,1.45,erlang,92.0452107279693
100,37712,real,1.47,erlang,90.7928949357521
100,37860,real,1.51,erlang,88.3877851361295
100,38440,real,1.49,erlang,89.5741983594333
125,39128,real,1.49,erlang,89.5741983594333
125,38636,real,1.46,erlang,91.4147640791476
125,39788,real,1.46,erlang,91.4147640791476
125,38224,real,1.51,erlang,88.3877851361295
125,39988,real,1.46,erlang,91.4147640791476
125,37452,real,1.46,erlang,91.4147640791476
125,39552,real,1.47,erlang,90.7928949357521
125,36960,real,1.47,erlang,90.7928949357521
125,39180,real,1.45,erlang,92.0452107279693
125,37636,real,1.49,erlang,89.5741983594333
200,37344,real,1.44,erlang,92.6844135802469
200,36416,real,1.43,erlang,93.3325563325563
200,38376,real,1.45,erlang,92.0452107279693
200,37656,real,1.48,erlang,90.1794294294294
200,36836,real,1.42,erlang,93.989827856025
200,38900,real,1.45,erlang,92.0452107279693
200,36668,real,1.45,erlang,92.0452107279693
200,36892,real,1.43,erlang,93.3325563325563
200,36680,real,1.45,erlang,92.0452107279693
200,37448,real,1.48,erlang,90.1794294294294
250,37032,real,1.44,erlang,92.6844135802469
250,36592,real,1.45,erlang,92.0452107279693
250,36032,real,1.46,erlang,91.4147640791476
250,36460,real,1.4,erlang,95.3325396825397
250,36084,real,1.41,erlang,94.6564223798266
250,36132,real,1.41,erlang,94.6564223798266
250,37944,real,1.39,erlang,96.0183852917666
250,37784,real,1.44,erlang,92.6844135802469
250,36940,real,1.43,erlang,93.3325563325563
250,36200,real,1.45,erlang,92.0452107279693
400,43760,real,1.4,erlang,95.3325396825397
400,43168,real,1.42,erlang,93.989827856025
400,41648,real,1.41,erlang,94.6564223798266
400,41604,real,1.44,erlang,92.6844135802469
400,42152,real,1.38,erlang,96.7141706924316
400,43364,real,1.41,erlang,94.6564223798266
400,41548,real,1.39,erlang,96.0183852917666
400,42528,real,1.42,erlang,93.989827856025
400,43256,real,1.42,erlang,93.989827856025
400,43348,real,1.41,erlang,94.6564223798266
500,47696,real,1.42,erlang,93.989827856025
500,44744,real,1.39,erlang,96.0183852917666
500,47064,real,1.43,erlang,93.3325563325563
500,45092,real,1.38,erlang,96.7141706924316
500,44984,real,1.41,erlang,94.6564223798266
500,44776,real,1.42,erlang,93.989827856025
500,45372,real,1.4,erlang,95.3325396825397
500,44612,real,1.41,erlang,94.6564223798266
500,46180,real,1.45,erlang,92.0452107279693
500,44328,real,1.41,erlang,94.6564223798266
1,17408,real,2.78,python,1.00439648281375
1,17344,real,2.77,python,1.00802246289611
1,17500,real,2.78,python,1.00439648281375
1,17328,real,2.85,python,0.979727095516569
1,17500,real,2.73,python,1.02279202279202
1,17500,real,2.78,python,1.00439648281375
1,17332,real,2.8,python,0.997222222222222
1,17568,real,2.78,python,1.00439648281375
1,17412,real,2.86,python,0.976301476301476
1,17372,real,2.78,python,1.00439648281375
2,17516,real,9.13,python,0.305829378118535
2,17392,real,9.34,python,0.298953128717583
2,17360,real,9.5,python,0.293918128654971
2,17372,real,9.26,python,0.30153587712983
2,17444,real,9.27,python,0.301210595708978
2,17428,real,9.25,python,0.301861861861862
2,17564,real,8.95,python,0.311980136561142
2,17580,real,9.29,python,0.300562133716063
2,17428,real,9.46,python,0.295160911439981
2,17496,real,9.27,python,0.301210595708978
4,17628,real,10.58,python,0.263915143877337
4,17564,real,10.45,python,0.267198298777246
4,17556,real,10.42,python,0.267967583706547
4,17488,real,10.52,python,0.265420363329109
4,17420,real,10.35,python,0.269779924852389
4,17476,real,10.53,python,0.265168302205339
4,17560,real,10.45,python,0.267198298777246
4,17408,real,10.6,python,0.263417190775681
4,17468,real,10.44,python,0.26745423584504
4,17416,real,10.41,python,0.268224997331626
5,17588,real,10.73,python,0.260225742984364
5,17472,real,10.55,python,0.264665613480779
5,17656,real,10.74,python,0.259983447134285
5,17424,real,10.58,python,0.263915143877337
5,17396,real,10.62,python,0.262921113203599
5,17500,real,10.45,python,0.267198298777246
5,17592,real,10.68,python,0.261444028297961
5,17428,real,10.5,python,0.265925925925926
5,17424,real,10.67,python,0.261689055503488
5,17420,real,10.48,python,0.266433418150975
8,17452,real,10.78,python,0.259018759018759
8,17576,real,10.7,python,0.260955347871236
8,17540,real,10.84,python,0.257585075850759
8,17488,real,10.79,python,0.258778704561837
8,17628,real,10.74,python,0.259983447134285
8,17472,real,10.97,python,0.254532563557176
8,17528,real,10.76,python,0.259500206526229
8,17536,real,10.83,python,0.257822919872781
8,17448,real,10.69,python,0.261199459515643
8,17524,real,10.67,python,0.261689055503488
10,17564,real,10.92,python,0.255698005698006
10,17564,real,10.83,python,0.257822919872781
10,17612,real,10.74,python,0.259983447134285
10,17476,real,10.69,python,0.261199459515643
10,17580,real,10.67,python,0.261689055503488
10,17552,real,10.78,python,0.259018759018759
10,17612,real,10.8,python,0.258539094650206
10,17532,real,10.64,python,0.262426900584795
10,17708,real,10.89,python,0.256402407917559
10,17492,real,10.95,python,0.254997463216641
16,17548,real,10.78,python,0.259018759018759
16,17436,real,11.22,python,0.248861160625866
16,17524,real,10.72,python,0.260468490878939
16,17536,real,10.73,python,0.260225742984364
16,17636,real,10.73,python,0.260225742984364
16,17512,real,10.91,python,0.255932376005703
16,17468,real,10.81,python,0.258299928050159
16,17436,real,10.79,python,0.258778704561837
16,17544,real,10.96,python,0.254764801297648
16,17580,real,10.79,python,0.258778704561837
20,17516,real,10.88,python,0.256638071895425
20,17568,real,10.75,python,0.259741602067183
20,17456,real,10.81,python,0.258299928050159
20,17532,real,10.74,python,0.259983447134285
20,17440,real,10.77,python,0.259259259259259
20,17496,real,10.99,python,0.254069355980184
20,17584,real,10.82,python,0.258061203532553
20,17444,real,10.87,python,0.256874169477665
20,17540,real,10.8,python,0.258539094650206
20,17404,real,11.01,python,0.253607831264507
25,17432,real,10.95,python,0.254997463216641
25,17456,real,10.78,python,0.259018759018759
25,17580,real,10.76,python,0.259500206526229
25,17572,real,11.02,python,0.253377697116354
25,17608,real,10.71,python,0.260711692084241
25,17492,real,10.69,python,0.261199459515643
25,17632,real,10.76,python,0.259500206526229
25,17512,real,10.92,python,0.255698005698006
25,17460,real,10.79,python,0.258778704561837
25,17588,real,10.75,python,0.259741602067183
32,17816,real,10.87,python,0.256874169477665
32,17708,real,11.01,python,0.253607831264507
32,17704,real,10.98,python,0.254300748836268
32,17636,real,10.81,python,0.258299928050159
32,17688,real,11.08,python,0.252005615724027
32,17740,real,10.82,python,0.258061203532553
32,17832,real,10.76,python,0.259500206526229
32,17748,real,11,python,0.253838383838384
32,17748,real,10.97,python,0.254532563557176
32,17796,real,11.07,python,0.252233263073371
40,17776,real,10.86,python,0.257110701862083
40,17784,real,10.96,python,0.254764801297648
40,17684,real,10.91,python,0.255932376005703
40,17828,real,10.82,python,0.258061203532553
40,17864,real,10.76,python,0.259500206526229
40,17756,real,10.92,python,0.255698005698006
40,17832,real,10.94,python,0.255230550477351
40,17728,real,10.84,python,0.257585075850759
40,17672,real,10.89,python,0.256402407917559
40,17756,real,10.85,python,0.257347670250896
50,17712,real,10.94,python,0.255230550477351
50,17672,real,11.07,python,0.252233263073371
50,17652,real,10.95,python,0.254997463216641
50,17772,real,11.16,python,0.250199123855038
50,17720,real,11.07,python,0.252233263073371
50,17700,real,11.09,python,0.251778378919948
50,17744,real,11.07,python,0.252233263073371
50,17760,real,10.95,python,0.254997463216641
50,17776,real,10.96,python,0.254764801297648
50,17824,real,10.89,python,0.256402407917559
80,18144,real,11.07,python,0.252233263073371
80,18156,real,11.15,python,0.250423517688092
80,18180,real,11.08,python,0.252005615724027
80,18284,real,11.13,python,0.250873515024458
80,18364,real,10.99,python,0.254069355980184
80,18332,real,11.12,python,0.251099120703437
80,18188,real,11.14,python,0.250648314382605
80,18228,real,11.09,python,0.251778378919948
80,18392,real,11.16,python,0.250199123855038
80,18160,real,10.92,python,0.255698005698006
100,18656,real,11.06,python,0.252461322081575
100,18396,real,11.1,python,0.251551551551552
100,18584,real,11.2,python,0.249305555555556
100,18480,real,11.2,python,0.249305555555556
100,18572,real,11.05,python,0.252689793866264
100,18512,real,11.25,python,0.248197530864198
100,18508,real,11.24,python,0.248418347172796
100,18576,real,11.11,python,0.251325132513251
100,18392,real,11.21,python,0.249083159877094
100,18620,real,11.26,python,0.247977106769291
125,18700,real,11.19,python,0.249528348724059
125,18724,real,11.43,python,0.244288908330903
125,18604,real,11.28,python,0.247537431048069
125,18760,real,11.4,python,0.244931773879142
125,18764,real,11.1,python,0.251551551551552
125,18904,real,11.15,python,0.250423517688092
125,18664,real,11.25,python,0.248197530864198
125,18736,real,11.13,python,0.250873515024458
125,18688,real,11.1,python,0.251551551551552
125,18864,real,11.12,python,0.251099120703437
200,19776,real,11.22,python,0.248861160625866
200,19712,real,11.3,python,0.247099311701082
200,19780,real,11.25,python,0.248197530864198
200,19568,real,11.48,python,0.243224932249322
200,19636,real,11.42,python,0.244502821560615
200,19520,real,11.34,python,0.246227709190672
200,19504,real,11.32,python,0.246662740478995
200,19504,real,11.56,python,0.241541714725106
200,19444,real,11.36,python,0.24579420970266
200,19528,real,11.31,python,0.24688083308773
250,20304,real,11.42,python,0.244502821560615
250,20236,real,11.43,python,0.244288908330903
250,20300,real,11.43,python,0.244288908330903
250,20224,real,11.41,python,0.244717109747785
250,20288,real,11.47,python,0.243436985372469
250,20184,real,11.4,python,0.244931773879142
250,20204,real,11.42,python,0.244502821560615
250,20260,real,11.39,python,0.245146814944883
250,20192,real,11.56,python,0.241541714725106
250,20392,real,11.28,python,0.247537431048069
400,22184,real,11.64,python,0.239881634211531
400,22116,real,11.72,python,0.238244216913159
400,21976,real,11.61,python,0.24050148339554
400,22300,real,11.63,python,0.240087895289959
400,22216,real,11.6,python,0.240708812260536
400,22120,real,11.31,python,0.24688083308773
400,22048,real,11.56,python,0.241541714725106
400,22052,real,11.63,python,0.240087895289959
400,22104,real,11.5,python,0.24280193236715
400,21964,real,11.75,python,0.237635933806147
500,23560,real,11.77,python,0.237232134428396
500,23452,real,11.91,python,0.234443511521597
500,23332,real,11.78,python,0.237030748915299
500,23332,real,11.78,python,0.237030748915299
500,23168,real,11.72,python,0.238244216913159
500,23124,real,11.79,python,0.236829705023089
500,23300,real,11.87,python,0.235233548628662
500,23368,real,11.91,python,0.234443511521597
500,23360,real,11.78,python,0.237030748915299
500,23372,real,12.18,python,0.229246487867178
